{
	"metadata": {
		"version": 4.5,
		"type": "Object",
		"generator": "Object3D.toJSON"
	},
	"geometries": [
		{
			"uuid": "9848C4E3-F426-4D30-932C-D0FF67649259",
			"type": "CylinderGeometry",
			"name": "tronco",
			"radiusTop": 1,
			"radiusBottom": 1,
			"height": 1,
			"radialSegments": 8,
			"heightSegments": 1,
			"openEnded": false,
			"thetaStart": 0,
			"thetaLength": 6.283185
		},
		{
			"uuid": "0BDFA858-F31F-4058-8118-2879183F9E2A",
			"type": "CylinderGeometry",
			"radiusTop": 0.05,
			"radiusBottom": 0.6,
			"height": 1,
			"radialSegments": 8,
			"heightSegments": 1,
			"openEnded": false
		},
		{
			"uuid": "9254CAFD-3781-4F5A-A9D4-73950018ADAD",
			"type": "CylinderGeometry",
			"name": "copa1",
			"radiusTop": 0.1,
			"radiusBottom": 1,
			"height": 1,
			"radialSegments": 8,
			"heightSegments": 1,
			"openEnded": false
		},
		{
			"uuid": "022801E9-AEDF-4651-BEC1-BB669D050CE2",
			"type": "CylinderGeometry",
			"radiusTop": 0.1,
			"radiusBottom": 1.5,
			"height": 1,
			"radialSegments": 8,
			"heightSegments": 1,
			"openEnded": false
		}],
	"materials": [
		{
			"uuid": "D4C7B95F-9540-4392-8D2D-E920CCD5E8C1",
			"type": "MeshStandardMaterial",
			"color": 16777215,
			"roughness": 1,
			"metalness": 0,
			"emissive": 14192013,
			"depthFunc": 3,
			"depthTest": true,
			"depthWrite": true,
			"stencilWrite": false,
			"stencilWriteMask": 255,
			"stencilFunc": 519,
			"stencilRef": 0,
			"stencilFuncMask": 255,
			"stencilFail": 7680,
			"stencilZFail": 7680,
			"stencilZPass": 7680
		},
		{
			"uuid": "ACC4661C-B44F-4AD1-AB6B-4986BFA731EA",
			"type": "MeshStandardMaterial",
			"color": 16777215,
			"roughness": 1,
			"metalness": 0,
			"emissive": 1289521,
			"depthFunc": 3,
			"depthTest": true,
			"depthWrite": true,
			"stencilWrite": false,
			"stencilWriteMask": 255,
			"stencilFunc": 519,
			"stencilRef": 0,
			"stencilFuncMask": 255,
			"stencilFail": 7680,
			"stencilZFail": 7680,
			"stencilZPass": 7680
		}],
	"object": {
		"uuid": "20AEA1FE-26DE-4B67-ACE2-747A6162D9E6",
		"type": "Group",
		"name": "arbol2",
		"layers": 1,
		"matrix": [1,0,0,0,0,1,0,0,0,0,1,0,0,0,0,1],
		"children": [
			{
				"uuid": "FCA4BD57-C754-4580-B919-74AAB41A4D96",
				"type": "Mesh",
				"name": "Cylinder",
				"layers": 1,
				"matrix": [0.25,0,0,0,0,2,0,0,0,0,0.25,0,0,1,0,1],
				"geometry": "9848C4E3-F426-4D30-932C-D0FF67649259",
				"material": "D4C7B95F-9540-4392-8D2D-E920CCD5E8C1"
			},
			{
				"uuid": "57E41900-364F-4148-BE94-F0ADC0D6D1F1",
				"type": "Mesh",
				"name": "Cylinder",
				"layers": 1,
				"matrix": [1,0,0,0,0,1,0,0,0,0,1,0,0,4.5,0,1],
				"geometry": "0BDFA858-F31F-4058-8118-2879183F9E2A",
				"material": "ACC4661C-B44F-4AD1-AB6B-4986BFA731EA"
			},
			{
				"uuid": "8DA23A23-3183-4C74-8BD0-4D17B0F72F3A",
				"type": "Mesh",
				"name": "Cylinder",
				"layers": 1,
				"matrix": [1,0,0,0,0,1,0,0,0,0,1,0,0,3.5,0,1],
				"geometry": "9254CAFD-3781-4F5A-A9D4-73950018ADAD",
				"material": "ACC4661C-B44F-4AD1-AB6B-4986BFA731EA"
			},
			{
				"uuid": "E460A118-0850-408E-AC97-D0EA95AC155B",
				"type": "Mesh",
				"name": "copa1",
				"layers": 1,
				"matrix": [1,0,0,0,0,1,0,0,0,0,1,0,0,2.5,0,1],
				"geometry": "022801E9-AEDF-4651-BEC1-BB669D050CE2",
				"material": "ACC4661C-B44F-4AD1-AB6B-4986BFA731EA"
			}]
	}
}
