{
	"metadata": {
		"version": 4.5,
		"type": "Object",
		"generator": "Object3D.toJSON"
	},
	"geometries": [
		{
			"uuid": "BCC6C442-1690-4EFE-995A-3F5DDD01CF59",
			"type": "SphereGeometry",
			"radius": 1,
			"widthSegments": 8,
			"heightSegments": 6,
			"phiStart": 0,
			"phiLength": 6.283185,
			"thetaStart": 0,
			"thetaLength": 3.141593
		},
		{
			"uuid": "13760D9F-664A-4B76-A151-02DA8786ACB7",
			"type": "CylinderGeometry",
			"radiusTop": 1,
			"radiusBottom": 1,
			"height": 1,
			"radialSegments": 8,
			"heightSegments": 1,
			"openEnded": false,
			"thetaStart": 0,
			"thetaLength": 6.283185
		}],
	"materials": [
		{
			"uuid": "1F15D29E-B882-4418-801C-78F7EA32777C",
			"type": "MeshStandardMaterial",
			"color": 16777215,
			"roughness": 1,
			"metalness": 0,
			"emissive": 5601584,
			"depthFunc": 3,
			"depthTest": true,
			"depthWrite": true,
			"stencilWrite": false,
			"stencilWriteMask": 255,
			"stencilFunc": 519,
			"stencilRef": 0,
			"stencilFuncMask": 255,
			"stencilFail": 7680,
			"stencilZFail": 7680,
			"stencilZPass": 7680
		},
		{
			"uuid": "59AE9BCC-4F86-4897-ACBD-359CA02F9C1C",
			"type": "MeshStandardMaterial",
			"color": 16777215,
			"roughness": 1,
			"metalness": 0,
			"emissive": 8729395,
			"depthFunc": 3,
			"depthTest": true,
			"depthWrite": true,
			"stencilWrite": false,
			"stencilWriteMask": 255,
			"stencilFunc": 519,
			"stencilRef": 0,
			"stencilFuncMask": 255,
			"stencilFail": 7680,
			"stencilZFail": 7680,
			"stencilZPass": 7680
		}],
	"object": {
		"uuid": "6AF1B626-E967-4CFA-9221-EB22C3F6EF36",
		"type": "Group",
		"name": "arbol4",
		"frustumCulled": false,
		"layers": 1,
		"matrix": [1,0,0,0,0,1,0,0,0,0,1,0,0,1,0,1],
		"children": [
			{
				"uuid": "2457134B-F20A-4769-99AD-0499BCCB18B5",
				"type": "Mesh",
				"name": "Sphere",
				"receiveShadow": true,
				"frustumCulled": false,
				"layers": 1,
				"matrix": [0.823418,0,0,0,0,0.649955,0,0,0,0,0.831584,0,1.049945,1.280864,0,1],
				"geometry": "BCC6C442-1690-4EFE-995A-3F5DDD01CF59",
				"material": "1F15D29E-B882-4418-801C-78F7EA32777C"
			},
			{
				"uuid": "AE8C7DB8-09E7-4CB7-9829-631A89F45D08",
				"type": "Mesh",
				"name": "Sphere",
				"receiveShadow": true,
				"frustumCulled": false,
				"layers": 1,
				"matrix": [0.823418,0,0,0,0,0.649955,0,0,0,0,0.831584,0,0.174122,1.604475,1.009696,1],
				"geometry": "BCC6C442-1690-4EFE-995A-3F5DDD01CF59",
				"material": "1F15D29E-B882-4418-801C-78F7EA32777C"
			},
			{
				"uuid": "01BD0B2F-177F-4A1B-9606-AB6A646C2FDC",
				"type": "Mesh",
				"name": "Sphere",
				"receiveShadow": true,
				"frustumCulled": false,
				"layers": 1,
				"matrix": [0.823418,0,0,0,0,0.649955,0,0,0,0,0.831584,0,-1.161388,2.207571,-0.656259,1],
				"geometry": "BCC6C442-1690-4EFE-995A-3F5DDD01CF59",
				"material": "1F15D29E-B882-4418-801C-78F7EA32777C"
			},
			{
				"uuid": "D55E6ABD-042C-4350-812C-062808CC23D5",
				"type": "Mesh",
				"name": "Sphere",
				"receiveShadow": true,
				"frustumCulled": false,
				"layers": 1,
				"matrix": [0.823418,0,0,0,0,0.649955,0,0,0,0,0.831584,0,-0.815006,1.367499,0,1],
				"geometry": "BCC6C442-1690-4EFE-995A-3F5DDD01CF59",
				"material": "1F15D29E-B882-4418-801C-78F7EA32777C"
			},
			{
				"uuid": "CCF73CF7-36E7-4861-A2FB-0250FE168913",
				"type": "Mesh",
				"name": "Sphere",
				"receiveShadow": true,
				"frustumCulled": false,
				"layers": 1,
				"matrix": [0.823418,0,0,0,0,0.649955,0,0,0,0,0.831584,0,-0.261302,1.485651,-0.994405,1],
				"geometry": "BCC6C442-1690-4EFE-995A-3F5DDD01CF59",
				"material": "1F15D29E-B882-4418-801C-78F7EA32777C"
			},
			{
				"uuid": "96308FDA-D5AA-4013-87E8-5007E277F698",
				"type": "Mesh",
				"name": "Sphere",
				"receiveShadow": true,
				"frustumCulled": false,
				"layers": 1,
				"matrix": [0.823418,0,0,0,0,0.649955,0,0,0,0,0.831584,0,-0.644246,2.325142,0.925971,1],
				"geometry": "BCC6C442-1690-4EFE-995A-3F5DDD01CF59",
				"material": "1F15D29E-B882-4418-801C-78F7EA32777C"
			},
			{
				"uuid": "598408E3-6396-46BE-A922-9E2FB0200AE0",
				"type": "Mesh",
				"name": "Sphere",
				"receiveShadow": true,
				"frustumCulled": false,
				"layers": 1,
				"matrix": [0.823418,0,0,0,0,0.649955,0,0,0,0,0.831584,0,0.477001,2.235158,-0.656259,1],
				"geometry": "BCC6C442-1690-4EFE-995A-3F5DDD01CF59",
				"material": "1F15D29E-B882-4418-801C-78F7EA32777C"
			},
			{
				"uuid": "E3F7D28E-D299-4F29-9A41-318884AC6F48",
				"type": "Mesh",
				"name": "Sphere",
				"receiveShadow": true,
				"frustumCulled": false,
				"layers": 1,
				"matrix": [0.823418,0,0,0,0,0.649955,0,0,0,0,0.831584,0,0.981774,2.257183,0.727492,1],
				"geometry": "BCC6C442-1690-4EFE-995A-3F5DDD01CF59",
				"material": "1F15D29E-B882-4418-801C-78F7EA32777C"
			},
			{
				"uuid": "583374BC-649F-454E-A022-7F09E73D7437",
				"type": "Mesh",
				"name": "Sphere",
				"receiveShadow": true,
				"frustumCulled": false,
				"layers": 1,
				"matrix": [0.823418,0,0,0,0,0.649955,0,0,0,0,0.831584,0,-0.142817,3.015625,0.19515,1],
				"geometry": "BCC6C442-1690-4EFE-995A-3F5DDD01CF59",
				"material": "1F15D29E-B882-4418-801C-78F7EA32777C"
			},
			{
				"uuid": "8F18EFE3-AFA8-4B18-855E-035E4CE5419D",
				"type": "Mesh",
				"name": "Cylinder",
				"layers": 1,
				"matrix": [0.25,0,0,0,0,2,0,0,0,0,0.25,0,0,0,0,1],
				"geometry": "13760D9F-664A-4B76-A151-02DA8786ACB7",
				"material": "59AE9BCC-4F86-4897-ACBD-359CA02F9C1C"
			}]
	}
}
