{
	"metadata": {
		"version": 4.5,
		"type": "Object",
		"generator": "Object3D.toJSON"
	},
	"geometries": [
		{
			"uuid": "018514F4-ED56-447D-9CC0-61FA9AF24F08",
			"type": "BoxGeometry",
			"width": 10,
			"height": 0.5,
			"depth": 0.5,
			"widthSegments": 1,
			"heightSegments": 1,
			"depthSegments": 1
		},
		{
			"uuid": "93BC614C-7802-41DE-AE0B-FC467ABCA29E",
			"type": "BoxGeometry",
			"width": 10,
			"height": 6,
			"depth": 10,
			"widthSegments": 1,
			"heightSegments": 1,
			"depthSegments": 1
		},
		{
			"uuid": "7EF1ED4C-BB0B-47BE-BD53-B32F12614D53",
			"type": "BoxGeometry",
			"width": 11,
			"height": 0.5,
			"depth": 0.5,
			"widthSegments": 1,
			"heightSegments": 1,
			"depthSegments": 1
		},
		{
			"uuid": "305CB437-2A35-427C-8AD5-5229369A6733",
			"type": "PlaneGeometry",
			"width": 1,
			"height": 1,
			"widthSegments": 1,
			"heightSegments": 1
		},
		{
			"uuid": "6278CF55-FBE5-4B64-8249-612166B019C2",
			"type": "PlaneGeometry",
			"width": 1.5,
			"height": 1.5,
			"widthSegments": 1,
			"heightSegments": 1
		},
		{
			"uuid": "66F407E8-42E1-46F3-AB79-F4339455D1D5",
			"type": "PlaneGeometry",
			"width": 0.9,
			"height": 2.1,
			"widthSegments": 1,
			"heightSegments": 1
		},
		{
			"uuid": "8F98DEE1-6D56-4942-8F58-F22E4BC20814",
			"type": "PlaneGeometry",
			"width": 2.5,
			"height": 1.5,
			"widthSegments": 1,
			"heightSegments": 1
		},
		{
			"uuid": "46FA5382-2F89-4F4C-A4C9-0EF24EE985EF",
			"type": "PlaneGeometry",
			"width": 1.5,
			"height": 1.5,
			"widthSegments": 1,
			"heightSegments": 1
		},
		{
			"uuid": "6C9AE274-2C5D-409F-AEB1-84F441E8FDAB",
			"type": "PlaneGeometry",
			"width": 1,
			"height": 0.5,
			"widthSegments": 1,
			"heightSegments": 1
		}],
	"materials": [
		{
			"uuid": "0766FE43-623C-4F8D-B685-0A27B39A6AE6",
			"type": "MeshStandardMaterial",
			"color": 16777215,
			"roughness": 1,
			"metalness": 0,
			"emissive": 12367530,
			"depthFunc": 3,
			"depthTest": true,
			"depthWrite": true,
			"stencilWrite": false,
			"stencilWriteMask": 255,
			"stencilFunc": 519,
			"stencilRef": 0,
			"stencilFuncMask": 255,
			"stencilFail": 7680,
			"stencilZFail": 7680,
			"stencilZPass": 7680
		},
		{
			"uuid": "82182255-2B02-435F-8FC8-184919F1653F",
			"type": "MeshStandardMaterial",
			"color": 16777215,
			"roughness": 1,
			"metalness": 0,
			"emissive": 12280914,
			"depthFunc": 3,
			"depthTest": true,
			"depthWrite": true,
			"stencilWrite": false,
			"stencilWriteMask": 255,
			"stencilFunc": 519,
			"stencilRef": 0,
			"stencilFuncMask": 255,
			"stencilFail": 7680,
			"stencilZFail": 7680,
			"stencilZPass": 7680
		},
		{
			"uuid": "FD395F70-4CA6-433F-A674-7ED4A70555B8",
			"type": "MeshStandardMaterial",
			"color": 16777215,
			"roughness": 1,
			"metalness": 0,
			"emissive": 14234715,
			"depthFunc": 3,
			"depthTest": true,
			"depthWrite": true,
			"stencilWrite": false,
			"stencilWriteMask": 255,
			"stencilFunc": 519,
			"stencilRef": 0,
			"stencilFuncMask": 255,
			"stencilFail": 7680,
			"stencilZFail": 7680,
			"stencilZPass": 7680
		},
		{
			"uuid": "64A5B3CE-C00A-46DF-86B6-EF5C0DDFDBDB",
			"type": "MeshStandardMaterial",
			"color": 16777215,
			"roughness": 1,
			"metalness": 0,
			"emissive": 5001302,
			"depthFunc": 3,
			"depthTest": true,
			"depthWrite": true,
			"stencilWrite": false,
			"stencilWriteMask": 255,
			"stencilFunc": 519,
			"stencilRef": 0,
			"stencilFuncMask": 255,
			"stencilFail": 7680,
			"stencilZFail": 7680,
			"stencilZPass": 7680
		},
		{
			"uuid": "FD8A0EE2-9F9B-464A-B283-77E614B6B4EA",
			"type": "MeshStandardMaterial",
			"color": 16777215,
			"roughness": 1,
			"metalness": 0,
			"emissive": 16185078,
			"depthFunc": 3,
			"depthTest": true,
			"depthWrite": true,
			"stencilWrite": false,
			"stencilWriteMask": 255,
			"stencilFunc": 519,
			"stencilRef": 0,
			"stencilFuncMask": 255,
			"stencilFail": 7680,
			"stencilZFail": 7680,
			"stencilZPass": 7680
		}],
	"object": {
		"uuid": "E3B7B6BC-D4B3-4DA0-B062-2DB00C81DFC4",
		"type": "Group",
		"name": "local1",
		"layers": 1,
		"matrix": [1,0,0,0,0,1,0,0,0,0,1,0,0,0,0,1],
		"children": [
			{
				"uuid": "C97BAA9D-88D7-4A0C-A0C4-E992B3CADCC8",
				"type": "Group",
				"name": "v1",
				"layers": 1,
				"matrix": [1,0,0,0,0,1,0,0,0,0,1,0,0,0,0,1],
				"children": [
					{
						"uuid": "10D6063E-7523-4862-AF34-F81CF1C81503",
						"type": "Mesh",
						"name": "Box",
						"layers": 1,
						"matrix": [0,0,-1,0,0,1,0,0,1,0,0,0,-5.25,6,0,1],
						"geometry": "018514F4-ED56-447D-9CC0-61FA9AF24F08",
						"material": "0766FE43-623C-4F8D-B685-0A27B39A6AE6"
					},
					{
						"uuid": "4BCD6DF0-C307-4225-9C13-161CDC6729C9",
						"type": "Mesh",
						"name": "Box",
						"layers": 1,
						"matrix": [1,0,0,0,0,1,0,0,0,0,1,0,0,3,0,1],
						"geometry": "93BC614C-7802-41DE-AE0B-FC467ABCA29E",
						"material": "82182255-2B02-435F-8FC8-184919F1653F"
					},
					{
						"uuid": "897D72D4-DBB8-4206-B2D0-5D6D5C2EDE22",
						"type": "Mesh",
						"name": "Box",
						"layers": 1,
						"matrix": [1,0,0,0,0,1,0,0,0,0,1,0,0,6,-5,1],
						"geometry": "7EF1ED4C-BB0B-47BE-BD53-B32F12614D53",
						"material": "0766FE43-623C-4F8D-B685-0A27B39A6AE6"
					},
					{
						"uuid": "7F207CE5-B091-4247-BDFE-8DA456CFB795",
						"type": "Mesh",
						"name": "Box",
						"layers": 1,
						"matrix": [1,0,0,0,0,1,0,0,0,0,1,0,0,6,5,1],
						"geometry": "7EF1ED4C-BB0B-47BE-BD53-B32F12614D53",
						"material": "0766FE43-623C-4F8D-B685-0A27B39A6AE6"
					},
					{
						"uuid": "977F5B2C-3773-4D76-9FD2-19741935505D",
						"type": "Mesh",
						"name": "Box",
						"layers": 1,
						"matrix": [0,0,-1,0,0,1,0,0,1,0,0,0,5.25,6,0,1],
						"geometry": "018514F4-ED56-447D-9CC0-61FA9AF24F08",
						"material": "0766FE43-623C-4F8D-B685-0A27B39A6AE6"
					}]
			},
			{
				"uuid": "14E388E4-5F21-4D91-8047-67357147D850",
				"type": "Group",
				"name": "v2",
				"layers": 1,
				"matrix": [1,0,0,0,0,1,0,0,0,0,1,0,0,0,0,1],
				"children": [
					{
						"uuid": "AD1C10BA-2E27-4C0C-B535-A6BDFA98641A",
						"type": "Mesh",
						"name": "Plane",
						"layers": 1,
						"matrix": [3.242425,0,0,0,0,0.707107,-0.707107,0,0,0.707107,0.707107,0,2.97536,3.019331,5.382466,1],
						"geometry": "305CB437-2A35-427C-8AD5-5229369A6733",
						"material": "FD395F70-4CA6-433F-A674-7ED4A70555B8"
					},
					{
						"uuid": "2ADEED4D-4FEE-4DA2-A7B7-8F06BFDD444C",
						"type": "Mesh",
						"name": "Plane",
						"layers": 1,
						"matrix": [3.242425,0,0,0,0,0.707107,-0.707107,0,0,0.707107,0.707107,0,-2.982379,3.019331,5.382466,1],
						"geometry": "305CB437-2A35-427C-8AD5-5229369A6733",
						"material": "FD395F70-4CA6-433F-A674-7ED4A70555B8"
					},
					{
						"uuid": "126B86BF-0F57-4A4C-9F1E-5C19DD426235",
						"type": "Mesh",
						"name": "Plane",
						"layers": 1,
						"matrix": [1.243312,0,0,0,0,1,0,0,0,0,0.685543,0,-0.054243,4.6,5.02,1],
						"geometry": "6278CF55-FBE5-4B64-8249-612166B019C2",
						"material": "64A5B3CE-C00A-46DF-86B6-EF5C0DDFDBDB"
					},
					{
						"uuid": "6FBC4E44-383A-4A34-9468-C9241367030B",
						"type": "Mesh",
						"name": "Plane",
						"layers": 1,
						"matrix": [1.562253,0,0,0,0,1.416098,0,0,0,0,0.685543,0,0,1.4756,5.01,1],
						"geometry": "66F407E8-42E1-46F3-AB79-F4339455D1D5",
						"material": "64A5B3CE-C00A-46DF-86B6-EF5C0DDFDBDB"
					},
					{
						"uuid": "04C35973-85AB-411F-9E8F-C72978507A4A",
						"type": "Mesh",
						"name": "Plane",
						"layers": 1,
						"matrix": [1.243312,0,0,0,0,1,0,0,0,0,0.685543,0,-3,2,5.02,1],
						"geometry": "8F98DEE1-6D56-4942-8F58-F22E4BC20814",
						"material": "64A5B3CE-C00A-46DF-86B6-EF5C0DDFDBDB"
					},
					{
						"uuid": "46B5DA9A-ECA6-4BAF-BF77-8AB13396E0EB",
						"type": "Mesh",
						"name": "Plane",
						"layers": 1,
						"matrix": [1.243312,0,0,0,0,1,0,0,0,0,0.685543,0,-3.465513,4.6,5.02,1],
						"geometry": "46FA5382-2F89-4F4C-A4C9-0EF24EE985EF",
						"material": "64A5B3CE-C00A-46DF-86B6-EF5C0DDFDBDB"
					},
					{
						"uuid": "C0F0551F-1915-40B8-9662-4BBDC8D45971",
						"type": "Mesh",
						"name": "Plane",
						"layers": 1,
						"matrix": [1.243312,0,0,0,0,1,0,0,0,0,0.685543,0,3,2,5.02,1],
						"geometry": "8F98DEE1-6D56-4942-8F58-F22E4BC20814",
						"material": "64A5B3CE-C00A-46DF-86B6-EF5C0DDFDBDB"
					},
					{
						"uuid": "FF143B72-69FA-4E66-A4D5-24752DC766E3",
						"type": "Mesh",
						"name": "Plane",
						"layers": 1,
						"matrix": [1.243312,0,0,0,0,1,0,0,0,0,0.685543,0,3.542788,4.6,5.02,1],
						"geometry": "6278CF55-FBE5-4B64-8249-612166B019C2",
						"material": "64A5B3CE-C00A-46DF-86B6-EF5C0DDFDBDB"
					}]
			},
			{
				"uuid": "589BA879-9F24-4384-BCAB-C76653CFF412",
				"type": "Group",
				"name": "v3",
				"layers": 1,
				"matrix": [1,0,0,0,0,1,0,0,0,0,1,0,0,0,0,1],
				"children": [
					{
						"uuid": "C56A814B-E351-4657-97F2-0269DB483E43",
						"type": "Mesh",
						"name": "Plane",
						"layers": 1,
						"matrix": [1,0,0,0,0,1,0,0,0,0,1,0,0,0.29124,5.0354,1],
						"geometry": "6C9AE274-2C5D-409F-AEB1-84F441E8FDAB",
						"material": "FD8A0EE2-9F9B-464A-B283-77E614B6B4EA"
					},
					{
						"uuid": "1165619F-B3ED-4993-A428-6C6A205C2331",
						"type": "Mesh",
						"name": "Plane",
						"layers": 1,
						"matrix": [1,0,0,0,0,1,0,0,0,0,1,0,0,0.993277,5.035,1],
						"geometry": "6C9AE274-2C5D-409F-AEB1-84F441E8FDAB",
						"material": "FD8A0EE2-9F9B-464A-B283-77E614B6B4EA"
					},
					{
						"uuid": "C08BCAA6-9FE1-4546-AED1-30838944460D",
						"type": "Mesh",
						"name": "Plane",
						"layers": 1,
						"matrix": [1,0,0,0,0,1,0,0,0,0,1,0,0,1.702342,5.035,1],
						"geometry": "6C9AE274-2C5D-409F-AEB1-84F441E8FDAB",
						"material": "FD8A0EE2-9F9B-464A-B283-77E614B6B4EA"
					},
					{
						"uuid": "24982104-39C4-456B-8FA2-0C78F07992FE",
						"type": "Mesh",
						"name": "Plane",
						"layers": 1,
						"matrix": [1,0,0,0,0,1,0,0,0,0,1,0,0,2.369654,5.035,1],
						"geometry": "6C9AE274-2C5D-409F-AEB1-84F441E8FDAB",
						"material": "FD8A0EE2-9F9B-464A-B283-77E614B6B4EA"
					}]
			}]
	}
}
