{
	"metadata": {
		"version": 4.5,
		"type": "Object",
		"generator": "Object3D.toJSON"
	},
	"geometries": [
		{
			"uuid": "110E5235-C473-44AB-AB8A-977C46CD6BEE",
			"type": "PlaneGeometry",
			"width": 8,
			"height": 1.5,
			"widthSegments": 1,
			"heightSegments": 1
		},
		{
			"uuid": "018514F4-ED56-447D-9CC0-61FA9AF24F08",
			"type": "BoxGeometry",
			"width": 10,
			"height": 0.5,
			"depth": 0.5,
			"widthSegments": 1,
			"heightSegments": 1,
			"depthSegments": 1
		},
		{
			"uuid": "0169CE59-86A2-4BDD-A025-BA0138023AE6",
			"type": "BoxGeometry",
			"width": 10,
			"height": 4,
			"depth": 10,
			"widthSegments": 1,
			"heightSegments": 1,
			"depthSegments": 1
		},
		{
			"uuid": "33DAA6F5-7FD2-467E-B140-EA647CD2B1A9",
			"type": "BoxGeometry",
			"width": 10,
			"height": 0.5,
			"depth": 0.5,
			"widthSegments": 1,
			"heightSegments": 1,
			"depthSegments": 1
		},
		{
			"uuid": "B7B8CE60-7220-4048-8493-44BD8214C23D",
			"type": "BoxGeometry",
			"width": 10,
			"height": 0.5,
			"depth": 0.5,
			"widthSegments": 1,
			"heightSegments": 1,
			"depthSegments": 1
		},
		{
			"uuid": "305CB437-2A35-427C-8AD5-5229369A6733",
			"type": "PlaneGeometry",
			"width": 1,
			"height": 1,
			"widthSegments": 1,
			"heightSegments": 1
		},
		{
			"uuid": "66F407E8-42E1-46F3-AB79-F4339455D1D5",
			"type": "PlaneGeometry",
			"width": 0.9,
			"height": 2.1,
			"widthSegments": 1,
			"heightSegments": 1
		},
		{
			"uuid": "8F98DEE1-6D56-4942-8F58-F22E4BC20814",
			"type": "PlaneGeometry",
			"width": 2.5,
			"height": 1.5,
			"widthSegments": 1,
			"heightSegments": 1
		},
		{
			"uuid": "6C9AE274-2C5D-409F-AEB1-84F441E8FDAB",
			"type": "PlaneGeometry",
			"width": 1,
			"height": 0.5,
			"widthSegments": 1,
			"heightSegments": 1
		}],
	"materials": [
		{
			"uuid": "042964E1-352A-41AC-A7F3-A34AA2C6CC7A",
			"type": "MeshStandardMaterial",
			"color": 16777215,
			"roughness": 1,
			"metalness": 0,
			"emissive": 5409636,
			"depthFunc": 3,
			"depthTest": true,
			"depthWrite": true,
			"stencilWrite": false,
			"stencilWriteMask": 255,
			"stencilFunc": 519,
			"stencilRef": 0,
			"stencilFuncMask": 255,
			"stencilFail": 7680,
			"stencilZFail": 7680,
			"stencilZPass": 7680
		},
		{
			"uuid": "0766FE43-623C-4F8D-B685-0A27B39A6AE6",
			"type": "MeshStandardMaterial",
			"color": 16777215,
			"roughness": 1,
			"metalness": 0,
			"emissive": 6055005,
			"depthFunc": 3,
			"depthTest": true,
			"depthWrite": true,
			"stencilWrite": false,
			"stencilWriteMask": 255,
			"stencilFunc": 519,
			"stencilRef": 0,
			"stencilFuncMask": 255,
			"stencilFail": 7680,
			"stencilZFail": 7680,
			"stencilZPass": 7680
		},
		{
			"uuid": "82182255-2B02-435F-8FC8-184919F1653F",
			"type": "MeshStandardMaterial",
			"color": 16777215,
			"roughness": 1,
			"metalness": 0,
			"emissive": 10333084,
			"depthFunc": 3,
			"depthTest": true,
			"depthWrite": true,
			"stencilWrite": false,
			"stencilWriteMask": 255,
			"stencilFunc": 519,
			"stencilRef": 0,
			"stencilFuncMask": 255,
			"stencilFail": 7680,
			"stencilZFail": 7680,
			"stencilZPass": 7680
		},
		{
			"uuid": "FD395F70-4CA6-433F-A674-7ED4A70555B8",
			"type": "MeshStandardMaterial",
			"color": 16777215,
			"roughness": 1,
			"metalness": 0,
			"emissive": 9419889,
			"depthFunc": 3,
			"depthTest": true,
			"depthWrite": true,
			"stencilWrite": false,
			"stencilWriteMask": 255,
			"stencilFunc": 519,
			"stencilRef": 0,
			"stencilFuncMask": 255,
			"stencilFail": 7680,
			"stencilZFail": 7680,
			"stencilZPass": 7680
		},
		{
			"uuid": "64A5B3CE-C00A-46DF-86B6-EF5C0DDFDBDB",
			"type": "MeshStandardMaterial",
			"color": 16777215,
			"roughness": 1,
			"metalness": 0,
			"emissive": 2237744,
			"depthFunc": 3,
			"depthTest": true,
			"depthWrite": true,
			"stencilWrite": false,
			"stencilWriteMask": 255,
			"stencilFunc": 519,
			"stencilRef": 0,
			"stencilFuncMask": 255,
			"stencilFail": 7680,
			"stencilZFail": 7680,
			"stencilZPass": 7680
		},
		{
			"uuid": "FD8A0EE2-9F9B-464A-B283-77E614B6B4EA",
			"type": "MeshStandardMaterial",
			"color": 16777215,
			"roughness": 1,
			"metalness": 0,
			"emissive": 16185078,
			"depthFunc": 3,
			"depthTest": true,
			"depthWrite": true,
			"stencilWrite": false,
			"stencilWriteMask": 255,
			"stencilFunc": 519,
			"stencilRef": 0,
			"stencilFuncMask": 255,
			"stencilFail": 7680,
			"stencilZFail": 7680,
			"stencilZPass": 7680
		}],
	"object": {
		"uuid": "E3B7B6BC-D4B3-4DA0-B062-2DB00C81DFC4",
		"type": "Group",
		"name": "local3",
		"layers": 1,
		"matrix": [1,0,0,0,0,1,0,0,0,0,1,0,0,0,0,1],
		"children": [
			{
				"uuid": "C97BAA9D-88D7-4A0C-A0C4-E992B3CADCC8",
				"type": "Group",
				"name": "v1",
				"layers": 1,
				"matrix": [1,0,0,0,0,1,0,0,0,0,1,0,0,0,0,1],
				"children": [
					{
						"uuid": "BDA03FA4-C015-479A-9D88-A593D8CB221B",
						"type": "Mesh",
						"name": "Plane",
						"layers": 1,
						"matrix": [1,0,0,0,0,1,0,0,0,0,1,0,0,4.468627,4.891112,1],
						"geometry": "110E5235-C473-44AB-AB8A-977C46CD6BEE",
						"material": "042964E1-352A-41AC-A7F3-A34AA2C6CC7A"
					},
					{
						"uuid": "10D6063E-7523-4862-AF34-F81CF1C81503",
						"type": "Mesh",
						"name": "Box",
						"layers": 1,
						"matrix": [0,0,-1,0,0,1,0,0,1,0,0,0,-4.839772,3.3,0,1],
						"geometry": "018514F4-ED56-447D-9CC0-61FA9AF24F08",
						"material": "0766FE43-623C-4F8D-B685-0A27B39A6AE6"
					},
					{
						"uuid": "4BCD6DF0-C307-4225-9C13-161CDC6729C9",
						"type": "Mesh",
						"name": "Box",
						"layers": 1,
						"matrix": [1,0,0,0,0,1,0,0,0,0,1,0,0,2,-0.002367,1],
						"geometry": "0169CE59-86A2-4BDD-A025-BA0138023AE6",
						"material": "82182255-2B02-435F-8FC8-184919F1653F"
					},
					{
						"uuid": "897D72D4-DBB8-4206-B2D0-5D6D5C2EDE22",
						"type": "Mesh",
						"name": "Box",
						"layers": 1,
						"matrix": [1,0,0,0,0,1,0,0,0,0,1,0,0,3.3,-4.803271,1],
						"geometry": "33DAA6F5-7FD2-467E-B140-EA647CD2B1A9",
						"material": "0766FE43-623C-4F8D-B685-0A27B39A6AE6"
					},
					{
						"uuid": "7F207CE5-B091-4247-BDFE-8DA456CFB795",
						"type": "Mesh",
						"name": "Box",
						"layers": 1,
						"matrix": [1,0,0,0,0,1,0,0,0,0,1,0,0,3.3,4.954317,1],
						"geometry": "B7B8CE60-7220-4048-8493-44BD8214C23D",
						"material": "0766FE43-623C-4F8D-B685-0A27B39A6AE6"
					},
					{
						"uuid": "977F5B2C-3773-4D76-9FD2-19741935505D",
						"type": "Mesh",
						"name": "Box",
						"layers": 1,
						"matrix": [0,0,-1,0,0,1,0,0,1,0,0,0,4.785759,3.3,0,1],
						"geometry": "018514F4-ED56-447D-9CC0-61FA9AF24F08",
						"material": "0766FE43-623C-4F8D-B685-0A27B39A6AE6"
					}]
			},
			{
				"uuid": "14E388E4-5F21-4D91-8047-67357147D850",
				"type": "Group",
				"name": "v2",
				"layers": 1,
				"matrix": [1,0,0,0,0,1,0,0,0,0,1,0,0,0,0,1],
				"children": [
					{
						"uuid": "2ADEED4D-4FEE-4DA2-A7B7-8F06BFDD444C",
						"type": "Mesh",
						"name": "Plane",
						"layers": 1,
						"matrix": [9.51324,0,0,0,0,0.707107,-0.707107,0,0,0.707107,0.707107,0,0.005918,3.177931,5.382466,1],
						"geometry": "305CB437-2A35-427C-8AD5-5229369A6733",
						"material": "FD395F70-4CA6-433F-A674-7ED4A70555B8"
					},
					{
						"uuid": "6FBC4E44-383A-4A34-9468-C9241367030B",
						"type": "Mesh",
						"name": "Plane",
						"layers": 1,
						"matrix": [1.562253,0,0,0,0,1.416098,0,0,0,0,0.685543,0,0,1.4756,5.01,1],
						"geometry": "66F407E8-42E1-46F3-AB79-F4339455D1D5",
						"material": "64A5B3CE-C00A-46DF-86B6-EF5C0DDFDBDB"
					},
					{
						"uuid": "04C35973-85AB-411F-9E8F-C72978507A4A",
						"type": "Mesh",
						"name": "Plane",
						"layers": 1,
						"matrix": [1.243312,0,0,0,0,1,0,0,0,0,0.685543,0,-3,2,5.02,1],
						"geometry": "8F98DEE1-6D56-4942-8F58-F22E4BC20814",
						"material": "64A5B3CE-C00A-46DF-86B6-EF5C0DDFDBDB"
					},
					{
						"uuid": "C0F0551F-1915-40B8-9662-4BBDC8D45971",
						"type": "Mesh",
						"name": "Plane",
						"layers": 1,
						"matrix": [1.243312,0,0,0,0,1,0,0,0,0,0.685543,0,3,2,5.02,1],
						"geometry": "8F98DEE1-6D56-4942-8F58-F22E4BC20814",
						"material": "64A5B3CE-C00A-46DF-86B6-EF5C0DDFDBDB"
					}]
			},
			{
				"uuid": "589BA879-9F24-4384-BCAB-C76653CFF412",
				"type": "Group",
				"name": "v3",
				"layers": 1,
				"matrix": [1,0,0,0,0,1,0,0,0,0,1,0,0,0,0,1],
				"children": [
					{
						"uuid": "C56A814B-E351-4657-97F2-0269DB483E43",
						"type": "Mesh",
						"name": "Plane",
						"layers": 1,
						"matrix": [1,0,0,0,0,1,0,0,0,0,1,0,0,0.29124,5.0354,1],
						"geometry": "6C9AE274-2C5D-409F-AEB1-84F441E8FDAB",
						"material": "FD8A0EE2-9F9B-464A-B283-77E614B6B4EA"
					},
					{
						"uuid": "1165619F-B3ED-4993-A428-6C6A205C2331",
						"type": "Mesh",
						"name": "Plane",
						"layers": 1,
						"matrix": [1,0,0,0,0,1,0,0,0,0,1,0,0,0.993277,5.035,1],
						"geometry": "6C9AE274-2C5D-409F-AEB1-84F441E8FDAB",
						"material": "FD8A0EE2-9F9B-464A-B283-77E614B6B4EA"
					},
					{
						"uuid": "C08BCAA6-9FE1-4546-AED1-30838944460D",
						"type": "Mesh",
						"name": "Plane",
						"layers": 1,
						"matrix": [1,0,0,0,0,1,0,0,0,0,1,0,0,1.702342,5.035,1],
						"geometry": "6C9AE274-2C5D-409F-AEB1-84F441E8FDAB",
						"material": "FD8A0EE2-9F9B-464A-B283-77E614B6B4EA"
					},
					{
						"uuid": "24982104-39C4-456B-8FA2-0C78F07992FE",
						"type": "Mesh",
						"name": "Plane",
						"layers": 1,
						"matrix": [1,0,0,0,0,1,0,0,0,0,1,0,0,2.369654,5.035,1],
						"geometry": "6C9AE274-2C5D-409F-AEB1-84F441E8FDAB",
						"material": "FD8A0EE2-9F9B-464A-B283-77E614B6B4EA"
					}]
			}]
	}
}
